{"files":[{"fileName":"./en-US/about_Microsoft.PowerShell.SecretManagement.help.txt","SPDXID":"SPDXRef-File--en-US-about-Microsoft.PowerShell.SecretManagement.help.txt-826446CA344CDFFC52DEEA1F979F21C507A492A4","checksums":[{"algorithm":"SHA256","checksumValue":"3a4878657122ac2f7ebedeadb4f92533d8118373e562b4feb0d6268ea74fdac8"},{"algorithm":"SHA1","checksumValue":"826446ca344cdffc52deea1f979f21c507a492a4"}],"licenseConcluded":"NOASSERTION","licenseInfoInFiles":["NOASSERTION"],"copyrightText":"NOASSERTION"},{"fileName":"./System.Runtime.InteropServices.RuntimeInformation.dll","SPDXID":"SPDXRef-File--System.Runtime.InteropServices.RuntimeInformation.dll-78808FECCA2B77DCFD3B861FFCCA4271507B121E","checksums":[{"algorithm":"SHA256","checksumValue":"a0207cf97a06e9cc99be1ed85ef31ba0963685c90bc30a0114157091a90081c3"},{"algorithm":"SHA1","checksumValue":"78808fecca2b77dcfd3b861ffcca4271507b121e"}],"licenseConcluded":"NOASSERTION","licenseInfoInFiles":["NOASSERTION"],"copyrightText":"NOASSERTION"},{"fileName":"./Microsoft.PowerShell.SecretManagement.psd1","SPDXID":"SPDXRef-File--Microsoft.PowerShell.SecretManagement.psd1-7A4B6CCBBEF2B6C4A71FD5EC9942B9870B5E989F","checksums":[{"algorithm":"SHA256","checksumValue":"b0bf72a38245fb98186785f857b7ce797fa95bbb63025391a238a66ee7f46a90"},{"algorithm":"SHA1","checksumValue":"7a4b6ccbbef2b6c4a71fd5ec9942b9870b5e989f"}],"licenseConcluded":"NOASSERTION","licenseInfoInFiles":["NOASSERTION"],"copyrightText":"NOASSERTION"},{"fileName":"./Microsoft.PowerShell.SecretManagement.pdb","SPDXID":"SPDXRef-File--Microsoft.PowerShell.SecretManagement.pdb-78E7AE4467BBC3B5763E5482587871FCB0F4D66F","checksums":[{"algorithm":"SHA256","checksumValue":"45c745fec4fa92b6b7158b338fee9bcff0fddd4b8b1621b6c1d4b3fedad34c39"},{"algorithm":"SHA1","checksumValue":"78e7ae4467bbc3b5763e5482587871fcb0f4d66f"}],"licenseConcluded":"NOASSERTION","licenseInfoInFiles":["NOASSERTION"],"copyrightText":"NOASSERTION"},{"fileName":"./Microsoft.PowerShell.SecretManagement.format.ps1xml","SPDXID":"SPDXRef-File--Microsoft.PowerShell.SecretManagement.format.ps1xml-7FD213303858855623CD9B7E62BC9B7A7D19A0B5","checksums":[{"algorithm":"SHA256","checksumValue":"65c3ec748efdb4133f5de91f7972b7b92751364ea429f7404b920ab98e075a88"},{"algorithm":"SHA1","checksumValue":"7fd213303858855623cd9b7e62bc9b7a7d19a0b5"}],"licenseConcluded":"NOASSERTION","licenseInfoInFiles":["NOASSERTION"],"copyrightText":"NOASSERTION"},{"fileName":"./Microsoft.PowerShell.SecretManagement.dll","SPDXID":"SPDXRef-File--Microsoft.PowerShell.SecretManagement.dll-227713B7542BEDD92C571CB91A06AFE9E3F38C45","checksums":[{"algorithm":"SHA256","checksumValue":"aa0c7b336441b42d15d10568162c2d4cd5af2b4daa0983e77501a5d77d820c89"},{"algorithm":"SHA1","checksumValue":"227713b7542bedd92c571cb91a06afe9e3f38c45"}],"licenseConcluded":"NOASSERTION","licenseInfoInFiles":["NOASSERTION"],"copyrightText":"NOASSERTION"},{"fileName":"./en-US/Microsoft.PowerShell.SecretManagement.dll-Help.xml","SPDXID":"SPDXRef-File--en-US-Microsoft.PowerShell.SecretManagement.dll-Help.xml-D78899BD2F7D14B7A2BFD2304F26A1F6E17B3200","checksums":[{"algorithm":"SHA256","checksumValue":"c2a7af246376a48c13d79b576a39a740506a5dbabeaaaccca276b7a4c4165901"},{"algorithm":"SHA1","checksumValue":"d78899bd2f7d14b7a2bfd2304f26a1f6e17b3200"}],"licenseConcluded":"NOASSERTION","licenseInfoInFiles":["NOASSERTION"],"copyrightText":"NOASSERTION"},{"fileName":"./ThirdPartyNotices.txt","SPDXID":"SPDXRef-File--ThirdPartyNotices.txt-28873B9887629A4A3B080C270824C1F07306350C","checksums":[{"algorithm":"SHA256","checksumValue":"296ff3e4a93bc8c20ca5c20d0e1a70b8c4622fadf0351a37845a63ed52585279"},{"algorithm":"SHA1","checksumValue":"28873b9887629a4a3b080c270824c1f07306350c"}],"licenseConcluded":"NOASSERTION","licenseInfoInFiles":["NOASSERTION"],"copyrightText":"NOASSERTION"},{"fileName":"./LICENSE","SPDXID":"SPDXRef-File--LICENSE-86189AAF07B4343B3D35C307A55C4F872CCDAC6B","checksums":[{"algorithm":"SHA256","checksumValue":"be5723395260d4f07283d596f4b375810eb695653d48d52a5062c0f7070573a3"},{"algorithm":"SHA1","checksumValue":"86189aaf07b4343b3d35c307a55c4f872ccdac6b"}],"licenseConcluded":"NOASSERTION","licenseInfoInFiles":["NOASSERTION"],"copyrightText":"NOASSERTION"},{"fileName":"./en-US/about_Microsoft.PowerShell.SecretManagement.md","SPDXID":"SPDXRef-File--en-US-about-Microsoft.PowerShell.SecretManagement.md-598297C127B179ED8342A6C94F4B8BAC59B0630D","checksums":[{"algorithm":"SHA256","checksumValue":"61b697e14d87200459f5e9c57e4a4f9107f888f391caa814dea2a24bd27de3be"},{"algorithm":"SHA1","checksumValue":"598297c127b179ed8342a6c94f4b8bac59b0630d"}],"licenseConcluded":"NOASSERTION","licenseInfoInFiles":["NOASSERTION"],"copyrightText":"NOASSERTION"}],"packages":[{"name":"PowerShellStandard.Library","SPDXID":"SPDXRef-Package-nuget-PowerShellStandard.Library-5.1.0","downloadLocation":"NOASSERTION","filesAnalyzed":false,"licenseConcluded":"NOASSERTION","licenseInfoFromFiles":["NOASSERTION"],"licenseDeclared":"NOASSERTION","copyrightText":"NOASSERTION","versionInfo":"5.1.0","externalRefs":[{"referenceCategory":"PACKAGE_MANAGER","referenceType":"purl","referenceLocator":"pkg:nuget/PowerShellStandard.Library%405.1.0"}],"supplier":"NOASSERTION"},{"name":"Microsoft.PowerShell.SecretManagement.Library","SPDXID":"SPDXRef-Package-nuget-Microsoft.PowerShell.SecretManagement.Library-1.1.2","downloadLocation":"NOASSERTION","filesAnalyzed":false,"licenseConcluded":"NOASSERTION","licenseInfoFromFiles":["NOASSERTION"],"licenseDeclared":"NOASSERTION","copyrightText":"NOASSERTION","versionInfo":"1.1.2","externalRefs":[{"referenceCategory":"PACKAGE_MANAGER","referenceType":"purl","referenceLocator":"pkg:nuget/Microsoft.PowerShell.SecretManagement.Library%401.1.2"}],"supplier":"NOASSERTION"},{"name":"Microsoft.PowerShell.SecretManagement","SPDXID":"SPDXRef-RootPackage","downloadLocation":"NOASSERTION","packageVerificationCode":{"packageVerificationCodeValue":"039f0cf9ecf167331ce1109d338579ca8de0c5f7"},"filesAnalyzed":true,"licenseConcluded":"NOASSERTION","licenseInfoFromFiles":["NOASSERTION"],"licenseDeclared":"NOASSERTION","copyrightText":"NOASSERTION","versionInfo":"1.1.2","supplier":"Organization: Microsoft","hasFiles":["SPDXRef-File--en-US-about-Microsoft.PowerShell.SecretManagement.md-598297C127B179ED8342A6C94F4B8BAC59B0630D","SPDXRef-File--LICENSE-86189AAF07B4343B3D35C307A55C4F872CCDAC6B","SPDXRef-File--ThirdPartyNotices.txt-28873B9887629A4A3B080C270824C1F07306350C","SPDXRef-File--en-US-Microsoft.PowerShell.SecretManagement.dll-Help.xml-D78899BD2F7D14B7A2BFD2304F26A1F6E17B3200","SPDXRef-File--Microsoft.PowerShell.SecretManagement.dll-227713B7542BEDD92C571CB91A06AFE9E3F38C45","SPDXRef-File--Microsoft.PowerShell.SecretManagement.format.ps1xml-7FD213303858855623CD9B7E62BC9B7A7D19A0B5","SPDXRef-File--Microsoft.PowerShell.SecretManagement.pdb-78E7AE4467BBC3B5763E5482587871FCB0F4D66F","SPDXRef-File--Microsoft.PowerShell.SecretManagement.psd1-7A4B6CCBBEF2B6C4A71FD5EC9942B9870B5E989F","SPDXRef-File--System.Runtime.InteropServices.RuntimeInformation.dll-78808FECCA2B77DCFD3B861FFCCA4271507B121E","SPDXRef-File--en-US-about-Microsoft.PowerShell.SecretManagement.help.txt-826446CA344CDFFC52DEEA1F979F21C507A492A4"]}],"relationships":[{"relationshipType":"DESCRIBES","relatedSpdxElement":"SPDXRef-RootPackage","spdxElementId":"SPDXRef-DOCUMENT"},{"relationshipType":"DEPENDS_ON","relatedSpdxElement":"SPDXRef-Package-nuget-Microsoft.PowerShell.SecretManagement.Library-1.1.2","spdxElementId":"SPDXRef-RootPackage"},{"relationshipType":"DEPENDS_ON","relatedSpdxElement":"SPDXRef-Package-nuget-PowerShellStandard.Library-5.1.0","spdxElementId":"SPDXRef-RootPackage"}],"spdxVersion":"SPDX-2.2","dataLicense":"CC0-1.0","SPDXID":"SPDXRef-DOCUMENT","name":"Microsoft.PowerShell.SecretManagement 1.1.2","documentNamespace":"https://sbom.microsoft/1:CY3irOXOD0W8K-To7Zcoyw:o6rL3AgklEWPoLl2AoWZgg/11:3870/RJg23kLe0k6bmZIQ_D30wA","creationInfo":{"created":"2022-01-27T17:28:04Z","creators":["Organization: Microsoft","Tool: Microsoft.SBOMTool-2.1.3"]},"documentDescribes":["SPDXRef-RootPackage"]}